65	http://jigsaw.w3.org/css-validator/check/referer?profile=css3
65	http://validator.w3.org/check/referer
65	http://www.youjoomla.com
65	http://yjsimplegrid.com/
28	http://www.phoca.cz/phocadownload
5	https://www.facebook.com/cdamoz/
5	https://twitter.com/
5	https://plus.google.com/
5	http://www.linkedin.com/
1	https://youtu.be/GRb5NtSvK5U
1	https://www.lupaanews.com/dixon-chongo-prepara-a-casa-para-transformar-em-ordem-dos-despachantes-aduaneiros-de-mocambique/
1	https://www.instagram.com/p/C4K6W10L_NA/?igsh=aDU5YXVndTF4ZjBm
1	https://youtu.be/iHGJP_j29h8
1	https://youtu.be/tyN4uYCRHxI
